{
  "continents": [
    {
      "name": "Europa",
      "countries": [
        {
          "name": "Austria",
          "cities": [
            {
              "name": "Viena",
              "description": "Ciudad imperial con museos y música clásica a cada paso. El Palacio de Schönbrunn y la Ringstrasse condensan el barroco y el historicismo, mientras cafés como Demel mantienen la tradición pastelera. Ideal para caminar entre parques y teatros de ópera.",
              "image": {
                "url": "https://images.unsplash.com/photo-1731223832507-ebe5373129e6?ixlib=rb-4.1.0&ixid=M3wxMjA3fDB8MHxzZWFyY2h8N3x8dmllbmElMkMlMjBhdXRyaWF8ZW58MHx8MHx8fDA%3D&auto=format&fit=crop&q=60&w=500",
                "alt": "Viena"
              }
            }
          ]
        },
        {
          "name": "Bélgica",
          "cities": [
            {
              "name": "Brujas",
              "description": "Centro medieval perfectamente conservado, canales bordeados de árboles y plazas adoquinadas como el Markt. Campanarios, casas gremiales y chocolaterías crean un ambiente de cuento que invita a perderse sin prisa.",
              "image": {
                "url": "https://plus.unsplash.com/premium_photo-1661963659103-9602b3811297?ixlib=rb-4.1.0&ixid=M3wxMjA3fDB8MHxwaG90by1wYWdlfHx8fGVufDB8fHx8fA%3D%3D&auto=format&fit=crop&q=80&w=1170",
                "alt": "Brujas"
              }
            }
          ]
        },
        {
          "name": "Dinamarca",
          "cities": [
            {
              "name": "Copenhague",
              "description": "Equilibrio entre diseño contemporáneo y tradición nórdica. Nyhavn, Tívoli y barrios ciclistas muestran una ciudad humana y acogedora; gastronomía de vanguardia y respeto por el espacio público.",
              "image": {
                "url": "https://plus.unsplash.com/premium_photo-1691414363231-836e2e1bf0ed?ixlib=rb-4.1.0&ixid=M3wxMjA3fDB8MHxzZWFyY2h8MXx8Y29wZW5oYWdlfGVufDB8fDB8fHww&auto=format&fit=crop&q=60&w=500",
                "alt": "Copenhague"
              }
            }
          ]
        },
        {
          "name": "Eslovenia",
          "cities": [
            {
              "name": "Liubliana",
              "description": "Capital pequeña y escénica, con casco peatonal, cafés junto al río y el castillo en lo alto. Base ideal para excursiones al lago Bled y los Alpes Julianos.",
              "image": {
                "url": "https://images.unsplash.com/photo-1611576191056-3e6696029388?ixlib=rb-4.1.0&ixid=M3wxMjA3fDB8MHxzZWFyY2h8Mnx8TGl1YmxpYW5hfGVufDB8fDB8fHww&auto=format&fit=crop&q=60&w=500",
                "alt": "Liubliana"
              }
            }
          ]
        },
        {
          "name": "España",
          "cities": [
            {
              "name": "Barcelona",
              "description": "Modernismo de Gaudí, mar y montaña en un mismo plano. La Sagrada Familia, Park Güell y la vida de barrio conviven con mercados y museos; paseos desde Montjuïc a las playas.",
              "image": {
                "url": "https://images.unsplash.com/photo-1630219694734-fe47ab76b15e?ixlib=rb-4.1.0&ixid=M3wxMjA3fDB8MHxzZWFyY2h8Nnx8YmFyY2Vsb25hfGVufDB8fDB8fHww&auto=format&fit=crop&q=60&w=500",
                "alt": "Barcelona"
              }
            },
            {
              "name": "Sevilla",
              "description": "Casco histórico monumental, patios y azulejos. El Alcázar, la Catedral y el barrio de Santa Cruz se suman a una potente cultura de tapas y al flamenco.",
              "image": {
                "url": "https://images.unsplash.com/photo-1559564477-6e8582270002?ixlib=rb-4.1.0&ixid=M3wxMjA3fDB8MHxzZWFyY2h8Nnx8c2V2aWxsYXxlbnwwfHwwfHx8MA%3D%3D&auto=format&fit=crop&q=60&w=500",
                "alt": "Sevilla"
              }
            }
          ]
        },
        {
          "name": "Estonia",
          "cities": [
            {
              "name": "Tallin",
              "description": "Ciudad vieja medieval amurallada, torres y tejados de colores con vistas al Báltico. Invierno frío, pero fotogénico desde Toompea.",
              "image": {
                "url": "https://images.unsplash.com/photo-1709862366377-54b16f3e51f9?ixlib=rb-4.1.0&ixid=M3wxMjA3fDB8MHxzZWFyY2h8Mnx8dGFsbGlufGVufDB8fDB8fHww&auto=format&fit=crop&q=60&w=500",
                "alt": "Tallin"
              }
            }
          ]
        },
        {
          "name": "Francia",
          "cities": [
            {
              "name": "París",
              "description": "Romance urbano: Sena, bulevares y museos icónicos. Barrios con identidad propia y cafés a pie de calle; Notre Dame, Sacré-Coeur y la Torre Eiffel como hitos imprescindibles.",
              "image": {
                "url": "https://plus.unsplash.com/premium_photo-1661919210043-fd847a58522d?ixlib=rb-4.1.0&ixid=M3wxMjA3fDB8MHxzZWFyY2h8MXx8cGFyaXN8ZW58MHx8MHx8fDA%3D&auto=format&fit=crop&q=60&w=500",
                "alt": "París"
              }
            }
          ]
        },
        {
          "name": "Hungría",
          "cities": [
            {
              "name": "Budapest",
              "description": "Arquitectura Art Nouveau, baños termales y paseos nocturnos sobre el Danubio. El Parlamento brilla al caer la tarde desde el Puente de las Cadenas.",
              "image": {
                "url": "https://images.unsplash.com/photo-1565426873118-a17ed65d74b9?ixlib=rb-4.1.0&ixid=M3wxMjA3fDB8MHxzZWFyY2h8Nnx8QnVkYXBlc3R8ZW58MHx8MHx8fDA%3D&auto=format&fit=crop&q=60&w=500",
                "alt": "Budapest"
              }
            }
          ]
        },
        {
          "name": "Italia",
          "cities": [
            {
              "name": "Florencia",
              "description": "Cuna del Renacimiento: Duomo, Uffizi y artesanías en el Oltrarno. Una ciudad-museo viva donde cada calle guarda esculturas, palacios y talleres.",
              "image": {
                "url": "https://images.unsplash.com/photo-1476362174823-3a23f4aa6d76?ixlib=rb-4.1.0&ixid=M3wxMjA3fDB8MHxzZWFyY2h8Mnx8ZmxvcmVuY2lhfGVufDB8fDB8fHww&auto=format&fit=crop&q=60&w=500",
                "alt": "Florencia"
              }
            },
            {
              "name": "Roma",
              "description": "La “Ciudad Eterna” combina ruinas clásicas, plazas barrocas y vida de barrio. Del Panteón a la Fontana di Trevi, la historia convive con trattorias y terrazas.",
              "image": {
                "url": "https://images.unsplash.com/photo-1529154036614-a60975f5c760?ixlib=rb-4.1.0&ixid=M3wxMjA3fDB8MHxzZWFyY2h8NHx8cm9tYXxlbnwwfHwwfHx8MA%3D%3D&auto=format&fit=crop&q=60&w=500",
                "alt": "Roma"
              }
            },
            {
              "name": "Venecia",
              "description": "Sin coches y con un trazado acuático único. Canales, palacios y puentes conectan islas; desde San Marcos a los barrios más tranquilos, es pura contemplación.",
              "image": {
                "url": "https://plus.unsplash.com/premium_photo-1661963047742-dabc5a735357?ixlib=rb-4.1.0&ixid=M3wxMjA3fDB8MHxzZWFyY2h8MXx8dmVuZWNpYXxlbnwwfHwwfHx8MA%3D%3D&auto=format&fit=crop&q=60&w=500",
                "alt": "Venecia"
              }
            }
          ]
        },
        {
          "name": "Malta",
          "cities": [
            {
              "name": "La Valeta",
              "description": "Fortificada y barroca, con miradores al Gran Puerto. Palacios, iglesias y museos concentrados en un casco compacto y caminable.",
              "image": {
                "url": "https://images.unsplash.com/photo-1560365337-6f42f70dd874?ixlib=rb-4.1.0&ixid=M3wxMjA3fDB8MHxzZWFyY2h8Mnx8bGElMjB2YWxldGF8ZW58MHx8MHx8fDA%3D&auto=format&fit=crop&q=60&w=500",
                "alt": "La Valeta"
              }
            }
          ]
        },
        {
          "name": "Noruega",
          "cities": [
            {
              "name": "Bergen",
              "description": "Casas de madera en Bryggen, puerto vivo y montañas que caen a fiordos. Punto de partida perfecto para rutas escénicas.",
              "image": {
                "url": "https://images.unsplash.com/photo-1643193388440-50fae300e1da?ixlib=rb-4.1.0&ixid=M3wxMjA3fDB8MHxzZWFyY2h8Mnx8QmVyZ2VuJTIwbm9ydWVnYXxlbnwwfHwwfHx8MA%3D%3D&auto=format&fit=crop&q=60&w=500",
                "alt": "Bergen"
              }
            }
          ]
        },
        {
          "name": "Países Bajos",
          "cities": [
            {
              "name": "Ámsterdam",
              "description": "Canales Patrimonio de la UNESCO, gables estrechos y cultura ciclista. Museos de primer nivel y barrios verdes conectados por puentes.",
              "image": {
                "url": "https://plus.unsplash.com/premium_photo-1661878122586-2d75a86f3400?ixlib=rb-4.1.0&ixid=M3wxMjA3fDB8MHxzZWFyY2h8NXx8JUMzJTgxbXN0ZXJkYW18ZW58MHx8MHx8fDA%3D&auto=format&fit=crop&q=60&w=500",
                "alt": "Ámsterdam"
              }
            }
          ]
        },
        {
          "name": "Portugal",
          "cities": [
            {
              "name": "Oporto",
              "description": "Azulejos, puentes sobre el Duero y bodegas de vino de Oporto. Librería Lello y piscinas de Leça como iconos contemporáneos.",
              "image": {
                "url": "https://plus.unsplash.com/premium_photo-1677344087971-91eee10dfeb1?ixlib=rb-4.1.0&ixid=M3wxMjA3fDB8MHxzZWFyY2h8MXx8b3BvcnRvJTIwcG9ydHVnYWx8ZW58MHx8MHx8fDA%3D&auto=format&fit=crop&q=60&w=500",
                "alt": "Oporto"
              }
            }
          ]
        },
        {
          "name": "Reino Unido",
          "cities": [
            {
              "name": "Londres",
              "description": "Historia y vanguardia a orillas del Támesis. Museos gratuitos, parques inmensos y una escena cultural y gastronómica inagotable.",
              "image": {
                "url": "https://images.unsplash.com/photo-1513635269975-59663e0ac1ad?ixlib=rb-4.1.0&ixid=M3wxMjA3fDB8MHxzZWFyY2h8Mnx8bG9uZHJlc3xlbnwwfHwwfHx8MA%3D%3D&auto=format&fit=crop&q=60&w=500",
                "alt": "Londres"
              }
            },
            {
              "name": "Edimburgo",
              "description": "Royal Mile, castillo y colinas verdes. La roca volcánica de Arthur’s Seat regala una panorámica excepcional sobre la ciudad de piedra.",
              "image": {
                "url": "https://images.unsplash.com/photo-1569668444050-b7bc2bfec0c7?ixlib=rb-4.1.0&ixid=M3wxMjA3fDB8MHxzZWFyY2h8NHx8ZWRpbmJ1cmdvfGVufDB8fDB8fHww&auto=format&fit=crop&q=60&w=500",
                "alt": "Edimburgo"
              }
            }
          ]
        },
        {
          "name": "República Checa",
          "cities": [
            {
              "name": "Praga",
              "description": "Cúpulas y torres góticas sobre un casco antiguo fotogénico. Puente de Carlos al amanecer y cafés históricos con música y literatura.",
              "image": {
                "url": "https://plus.unsplash.com/premium_photo-1661963067279-2f7bf970c49c?ixlib=rb-4.1.0&ixid=M3wxMjA3fDB8MHxzZWFyY2h8MXx8cHJhZ2F8ZW58MHx8MHx8fDA%3D&auto=format&fit=crop&q=60&w=500",
                "alt": "Praga"
              }
            }
          ]
        },
        {
          "name": "Suiza",
          "cities": [
            {
              "name": "Lucerna",
              "description": "Lago, montes cercanos y el Kapellbrücke como postal. Tejados medievales y aire alpino a pocos minutos de rutas de montaña.",
              "image": {
                "url": "https://images.unsplash.com/photo-1635855296516-837d8b00cae7?ixlib=rb-4.1.0&ixid=M3wxMjA3fDB8MHxzZWFyY2h8Mnx8THVjZXJuYSUyMHN1aXphfGVufDB8fDB8fHww&auto=format&fit=crop&q=60&w=500",
                "alt": "Lucerna"
              }
            },
            {
              "name": "Zúrich",
              "description": "Casco antiguo elegante junto al lago, museos, galerías y vida junto al agua. Veranos vibrantes y eficiencia suiza en cada detalle.",
              "image": {
                "url": "https://images.unsplash.com/photo-1620563092215-0fbc6b55cfc5?ixlib=rb-4.1.0&ixid=M3wxMjA3fDB8MHxwaG90by1wYWdlfHx8fGVufDB8fHx8fA%3D%3D&auto=format&fit=crop&q=80&w=1171",
                "alt": "Zúrich"
              }
            }
          ]
        },
        {
          "name": "Islandia",
          "cities": [
            {
              "name": "Reikiavik",
              "description": "Arquitectura moderna como Harpa y Hallgrímskirkja entre paisajes volcánicos. Base para auroras y baños termales cercanos.",
              "image": {
                "url": "https://plus.unsplash.com/premium_photo-1661962984700-16b03ecda58a?ixlib=rb-4.1.0&ixid=M3wxMjA3fDB8MHxzZWFyY2h8MXx8UmVpa2lhdmlrfGVufDB8fDB8fHww&auto=format&fit=crop&q=60&w=500",
                "alt": "Reikiavik"
              }
            }
          ]
        }
      ]
    },
    {
      "name": "Asia",
      "countries": [
        {
          "name": "China",
          "cities": [
            {
              "name": "Beijing",
              "description": "Capital imperial con la Ciudad Prohibida, hutongs y avenidas amplias. Puerta a tramos cercanos de la Gran Muralla y a una cocina regional riquísima.",
              "image": {
                "url": "https://plus.unsplash.com/premium_photo-1723433351351-0f6cd5d21537?ixlib=rb-4.1.0&ixid=M3wxMjA3fDB8MHxzZWFyY2h8MXx8QmVpamluZ3xlbnwwfHwwfHx8MA%3D%3D&auto=format&fit=crop&q=60&w=500",
                "alt": "Beijing"
              }
            },
            {
              "name": "Hong Kong",
              "description": "Horizonte denso en torno a un puerto lleno de ferris. Montañas, islas y reservas naturales a minutos del centro financiero.",
              "image": {
                "url": "https://images.unsplash.com/photo-1536599018102-9f803c140fc1?ixlib=rb-4.1.0&ixid=M3wxMjA3fDB8MHxzZWFyY2h8Mnx8aG9uZyUyMGtvbmd8ZW58MHx8MHx8fDA%3D&auto=format&fit=crop&q=60&w=500",
                "alt": "Hong Kong"
              }
            }
          ]
        },
        {
          "name": "Corea del Sur",
          "cities": [
            {
              "name": "Seúl",
              "description": "Rascacielos y palacios, mercados nocturnos y una red de metro impecable. Distritos como Bukchon y Myeongdong muestran tradición y moda.",
              "image": {
                "url": "https://plus.unsplash.com/premium_photo-1661936414165-3039a8d906f9?ixlib=rb-4.1.0&ixid=M3wxMjA3fDB8MHxzZWFyY2h8NXx8c2V1bHxlbnwwfHwwfHx8MA%3D%3D&auto=format&fit=crop&q=60&w=500",
                "alt": "Seúl"
              }
            }
          ]
        },
        {
          "name": "India",
          "cities": [
            {
              "name": "Jaipur",
              "description": "La “Ciudad Rosa”: Hawa Mahal, fuertes y bazares color salmón. Artesanías, joyería y gastronomía del Rajastán en palacios y calles.",
              "image": {
                "url": "https://images.unsplash.com/photo-1477587458883-47145ed94245?ixlib=rb-4.1.0&ixid=M3wxMjA3fDB8MHxzZWFyY2h8M3x8SmFpcHVyJTIwaW5kaWF8ZW58MHx8MHx8fDA%3D&auto=format&fit=crop&q=60&w=500",
                "alt": "Jaipur"
              }
            }
          ]
        },
        {
          "name": "Japón",
          "cities": [
            {
              "name": "Kioto",
              "description": "Templos, santuarios y jardines clásicos. Hanami en primavera, rutas arboladas y posibilidad de cruzarse con geishas en Gion.",
              "image": {
                "url": "https://images.unsplash.com/photo-1493976040374-85c8e12f0c0e?ixlib=rb-4.1.0&ixid=M3wxMjA3fDB8MHxzZWFyY2h8Mnx8S2lvdG98ZW58MHx8MHx8fDA%3D&auto=format&fit=crop&q=60&w=500",
                "alt": "Kioto"
              }
            }
          ]
        },
        {
          "name": "Laos",
          "cities": [
            {
              "name": "Luang Prabang",
              "description": "Patrimonio UNESCO junto a la confluencia de ríos. Procesiones de monjes al amanecer, cascadas cercanas y arquitectura colonial-budista.",
              "image": {
                "url": "https://plus.unsplash.com/premium_photo-1661882477461-20d16af70819?ixlib=rb-4.1.0&ixid=M3wxMjA3fDB8MHxzZWFyY2h8MXx8THVhbmclMjBQcmFiYW5nfGVufDB8fDB8fHww&auto=format&fit=crop&q=60&w=500",
                "alt": "Luang Prabang"
              }
            }
          ]
        },
        {
          "name": "Líbano",
          "cities": [
            {
              "name": "Beirut",
              "description": "Playas, clubes y azoteas frente a mezquitas y zocos históricos. Gastronomía y vida nocturna con aire mediterráneo y levantino.",
              "image": {
                "url": "https://plus.unsplash.com/premium_photo-1661963342411-11bc8489a1fe?ixlib=rb-4.1.0&ixid=M3wxMjA3fDB8MHxzZWFyY2h8MXx8QmVpcnV0JTIwbGliYW5vfGVufDB8fDB8fHww&auto=format&fit=crop&q=60&w=500",
                "alt": "Beirut"
              }
            }
          ]
        },
        {
          "name": "Omán",
          "cities": [
            {
              "name": "Mascate",
              "description": "Bahías y montañas enmarcando mezquitas, zocos y fuertes portugueses. Paseos costeros y arquitectura blanca junto al Golfo de Omán.",
              "image": {
                "url": "https://images.unsplash.com/photo-1725600462847-0317804cc466?ixlib=rb-4.1.0&ixid=M3wxMjA3fDB8MHxzZWFyY2h8N3x8TWFzY2F0ZXxlbnwwfHwwfHx8MA%3D%3D&auto=format&fit=crop&q=60&w=500",
                "alt": "Mascate"
              }
            }
          ]
        },
        {
          "name": "Qatar",
          "cities": [
            {
              "name": "Doha",
              "description": "Corniche con skyline futurista, Souq Waqif y el Museo de Arte Islámico de I. M. Pei. Mezcla de tradición y nuevas áreas culturales.",
              "image": {
                "url": "https://images.unsplash.com/photo-1539475314840-751cecc1dacd?ixlib=rb-4.1.0&ixid=M3wxMjA3fDB8MHxzZWFyY2h8Mnx8RG9oYXxlbnwwfHwwfHx8MA%3D%3D&auto=format&fit=crop&q=60&w=500",
                "alt": "Doha"
              }
            }
          ]
        },
        {
          "name": "Tailandia",
          "cities": [
            {
              "name": "Chiang Mai",
              "description": "Templos en la ladera, cafés y mercados creativos. Punto de partida para naturaleza del norte y experiencias culinarias intensas.",
              "image": {
                "url": "https://plus.unsplash.com/premium_photo-1661929242720-140374d97c94?ixlib=rb-4.1.0&ixid=M3wxMjA3fDB8MHxzZWFyY2h8MXx8Q2hpYW5nJTIwTWFpfGVufDB8fDB8fHww&auto=format&fit=crop&q=60&w=500",
                "alt": "Chiang Mai"
              }
            }
          ]
        },
        {
          "name": "Vietnam",
          "cities": [
            {
              "name": "Hanoi",
              "description": "Lagos, templos y barrio francés con aire romántico. Calles angostas con cafés tradicionales y mercados vibrantes.",
              "image": {
                "url": "https://plus.unsplash.com/premium_photo-1691960159290-6f4ace6e6c4c?ixlib=rb-4.1.0&ixid=M3wxMjA3fDB8MHxzZWFyY2h8MXx8SGFub2l8ZW58MHx8MHx8fDA%3D&auto=format&fit=crop&q=60&w=500",
                "alt": "Hanoi"
              }
            }
          ]
        },
        {
          "name": "Singapur",
          "cities": [
            {
              "name": "Singapur",
              "description": "Ciudad-jardín con selva urbana, Jardín Botánico y Gardens by the Bay. Templos, casas patrimoniales y una logística impecable para moverse.",
              "image": {
                "url": "https://images.unsplash.com/photo-1508964942454-1a56651d54ac?ixlib=rb-4.1.0&ixid=M3wxMjA3fDB8MHxzZWFyY2h8Mnx8c2luZ2Fwb3JlfGVufDB8fDB8fHww&auto=format&fit=crop&q=60&w=500",
                "alt": "Singapur"
              }
            }
          ]
        }
      ]
    },
    {
      "name": "África",
      "countries": [
        {
          "name": "Marruecos",
          "cities": [
            {
              "name": "Chefchaouen",
              "description": "Medina azul entre montañas del Rif. Callejuelas pintadas, puertas artesanales y miradores cercanos para ver el conjunto desde arriba.",
              "image": {
                "url": "https://images.unsplash.com/photo-1569383746724-6f1b882b8f46?ixlib=rb-4.1.0&ixid=M3wxMjA3fDB8MHxwaG90by1wYWdlfHx8fGVufDB8fHx8fA%3D%3D&auto=format&fit=crop&q=80&w=1170",
                "alt": "Chefchaouen"
              }
            }
          ]
        },
        {
          "name": "Sudáfrica",
          "cities": [
            {
              "name": "Ciudad del Cabo",
              "description": "Table Mountain, playas con pingüinos y barrios coloridos como Bo-Kaap. Jardines, viñedos cercanos y rutas panorámicas costeras.",
              "image": {
                "url": "https://plus.unsplash.com/premium_photo-1697730061063-ad499e343f26?ixlib=rb-4.1.0&ixid=M3wxMjA3fDB8MHxzZWFyY2h8MXx8Q2l1ZGFkJTIwZGVsJTIwQ2Fib3xlbnwwfHwwfHx8MA%3D%3D&auto=format&fit=crop&q=60&w=500",
                "alt": "Ciudad del Cabo"
              }
            }
          ]
        }
      ]
    },
    {
      "name": "Oceanía",
      "countries": [
        {
          "name": "Australia",
          "cities": [
            {
              "name": "Sídney",
              "description": "Ópera icónica, bahía navegable y playas urbanas como Bondi. Ferris cotidianos y parques frente al agua.",
              "image": {
                "url": "https://images.unsplash.com/photo-1506973035872-a4ec16b8e8d9?ixlib=rb-4.1.0&ixid=M3wxMjA3fDB8MHxzZWFyY2h8Mnx8UyVDMyVBRGRuZXl8ZW58MHx8MHx8fDA%3D&auto=format&fit=crop&q=60&w=500",
                "alt": "Sídney"
              }
            }
          ]
        },
        {
          "name": "Nueva Zelanda",
          "cities": [
            {
              "name": "Queenstown",
              "description": "Capital de la adrenalina entre lago y montañas. Miradores naturales, aventuras y paisajes cinematográficos.",
              "image": {
                "url": "https://images.unsplash.com/photo-1600466403153-50193d187dde?ixlib=rb-4.1.0&ixid=M3wxMjA3fDB8MHxzZWFyY2h8Mnx8UXVlZW5zdG93bnxlbnwwfHwwfHx8MA%3D%3D&auto=format&fit=crop&q=60&w=500",
                "alt": "Queenstown"
              }
            }
          ]
        }
      ]
    },
    {
      "name": "América del Norte",
      "countries": [
        {
          "name": "Canadá",
          "cities": [
            {
              "name": "Ciudad de Quebec",
              "description": "Casco amurallado en altura con vistas al San Lorenzo. Ambiente europeo, tejados empinados y puestas de sol rosadas.",
              "image": {
                "url": "https://images.unsplash.com/photo-1576771304215-6d4d30f7bb63?ixlib=rb-4.1.0&ixid=M3wxMjA3fDB8MHxzZWFyY2h8MTJ8fENpdWRhZCUyMGRlJTIwUXVlYmVjfGVufDB8fDB8fHww&auto=format&fit=crop&q=60&w=500",
                "alt": "Ciudad de Quebec"
              }
            }
          ]
        },
        {
          "name": "Cuba",
          "cities": [
            {
              "name": "La Habana",
              "description": "Arquitectura colonial de tonos pastel, música en cada esquina y paseos marítimos. La Habana Vieja y el Malecón marcan el ritmo.",
              "image": {
                "url": "https://images.unsplash.com/photo-1570299437488-d430e1e677c7?ixlib=rb-4.1.0&ixid=M3wxMjA3fDB8MHxzZWFyY2h8Mnx8TGElMjBIYWJhbmF8ZW58MHx8MHx8fDA%3D&auto=format&fit=crop&q=60&w=500",
                "alt": "La Habana"
              }
            }
          ]
        },
        {
          "name": "Estados Unidos",
          "cities": [
            {
              "name": "Nueva York",
              "description": "Arquitectura icónica, parques como Central Park y una escena artística incomparable. Energía urbana que no se apaga.",
              "image": {
                "url": "https://images.unsplash.com/photo-1485871981521-5b1fd3805eee?ixlib=rb-4.1.0&ixid=M3wxMjA3fDB8MHxzZWFyY2h8M3x8TnVldmElMjBZb3JrfGVufDB8fDB8fHww&auto=format&fit=crop&q=60&w=500",
                "alt": "Nueva York"
              }
            },
            {
              "name": "San Francisco",
              "description": "Puente Golden Gate, colinas y casas victorianas. Museos de talla mundial y barrios con carácter propio.",
              "image": {
                "url": "https://images.unsplash.com/photo-1719858403364-83f7442a197e?ixlib=rb-4.1.0&ixid=M3wxMjA3fDB8MHxzZWFyY2h8NHx8U2FuJTIwRnJhbmNpc2NvfGVufDB8fDB8fHww&auto=format&fit=crop&q=60&w=500",
                "alt": "San Francisco"
              }
            }
          ]
        },
        {
          "name": "México",
          "cities": [
            {
              "name": "San Miguel de Allende",
              "description": "Centro colonial con parroquia neogótica rosada. Calles adoquinadas, patios y arte en galerías y talleres.",
              "image": {
                "url": "https://plus.unsplash.com/premium_photo-1697729800872-866107ce82c4?ixlib=rb-4.1.0&ixid=M3wxMjA3fDB8MHxzZWFyY2h8MXx8U2FuJTIwTWlndWVsJTIwZGUlMjBBbGxlbmRlfGVufDB8fDB8fHww&auto=format&fit=crop&q=60&w=500",
                "alt": "San Miguel de Allende"
              }
            }
          ]
        }
      ]
    },
    {
      "name": "América del Sur",
      "countries": [
        {
          "name": "Argentina",
          "cities": [
            {
              "name": "Buenos Aires",
              "description": "Barrios con identidad (Recoleta, San Telmo, La Boca), arquitectura variada y vida cultural intensa. Tango, parrillas y librerías en edificios emblemáticos.",
              "image": {
                "url": "https://plus.unsplash.com/premium_photo-1697729901052-fe8900e24993?ixlib=rb-4.1.0&ixid=M3wxMjA3fDB8MHxzZWFyY2h8MXx8QnVlbm9zJTIwQWlyZXN8ZW58MHx8MHx8fDA%3D&auto=format&fit=crop&q=60&w=500",
                "alt": "Buenos Aires"
              }
            }
          ]
        },
        {
          "name": "Brasil",
          "cities": [
            {
              "name": "Río de Janeiro",
              "description": "Playas míticas, selva urbana y el Cristo Redentor vigilando bahías y morros. Ritmo de samba en calles y plazas.",
              "image": {
                "url": "https://plus.unsplash.com/premium_photo-1671211307997-f4f552b0601c?ixlib=rb-4.1.0&ixid=M3wxMjA3fDB8MHxzZWFyY2h8MXx8UiVDMyVBRG8lMjBkZSUyMEphbmVpcm98ZW58MHx8MHx8fDA%3D&auto=format&fit=crop&q=60&w=500",
                "alt": "Río de Janeiro"
              }
            }
          ]
        },
        {
          "name": "Colombia",
          "cities": [
            {
              "name": "Cartagena",
              "description": "Murallas, plazas y casonas coloniales cubiertas de buganvillas. Getsemaní y Bocagrande muestran sus caras creativa y moderna.",
              "image": {
                "url": "https://images.unsplash.com/photo-1583531352515-8884af319dc1?ixlib=rb-4.1.0&ixid=M3wxMjA3fDB8MHxzZWFyY2h8NHx8Q2FydGFnZW5hJTIwY29sb21iaWF8ZW58MHx8MHx8fDA%3D&auto=format&fit=crop&q=60&w=500",
                "alt": "Cartagena"
              }
            }
          ]
        },
        {
          "name": "Ecuador",
          "cities": [
            {
              "name": "Quito",
              "description": "Casco histórico dorado bajo volcanes andinos. Vistas desde la Basílica del Voto Nacional y mercados tradicionales.",
              "image": {
                "url": "https://plus.unsplash.com/premium_photo-1697729921570-a7e324d7baac?ixlib=rb-4.1.0&ixid=M3wxMjA3fDB8MHxzZWFyY2h8MXx8UXVpdG98ZW58MHx8MHx8fDA%3D&auto=format&fit=crop&q=60&w=500",
                "alt": "Quito"
              }
            }
          ]
        },
        {
          "name": "Perú",
          "cities": [
            {
              "name": "Cuzco",
              "description": "Antigua capital inca con plazas, conventos y calles empedradas. Punto de partida a Machu Picchu y miradores como el Cristo Blanco.",
              "image": {
                "url": "https://images.unsplash.com/photo-1609944433409-81bda5323abc?ixlib=rb-4.1.0&ixid=M3wxMjA3fDB8MHxzZWFyY2h8M3x8Q3V6Y298ZW58MHx8MHx8fDA%3D&auto=format&fit=crop&q=60&w=500",
                "alt": "Cuzco"
              }
            }
          ]
        }
      ]
    }
  ]
}